{"stats":{"minecraft:dropped":{"minecraft:cocoa_beans":4,"minecraft:feather":3,"minecraft:light_gray_wool":1,"minecraft:oak_planks":1,"minecraft:leather_chestplate":1,"minecraft:beetroot_seeds":2,"minecraft:oak_sapling":1,"minecraft:spider_eye":1,"minecraft:leather_leggings":1,"minecraft:jungle_sapling":2,"minecraft:barrel":1,"minecraft:arrow":2,"minecraft:wooden_pickaxe":2,"minecraft:white_wool":4},"minecraft:broken":{"minecraft:stone_axe":1},"minecraft:mined":{"minecraft:jungle_leaves":3,"minecraft:grass_block":3,"minecraft:melon":7,"minecraft:tall_grass":3,"minecraft:barrel":1,"treechop:chopped_log":5,"minecraft:grass":12,"minecraft:vine":7,"minecraft:dirt":3,"minecraft:bone_block":136,"minecraft:fern":4},"minecraft:killed":{"minecraft:husk":2,"minecraft:pig":1,"minecraft:spider":5,"minecraft:sheep":8,"minecraft:skeleton":2,"minecraft:zombie":3,"minecraft:llama":4,"minecraft:cow":14},"minecraft:custom":{"minecraft:mob_kills":39,"minecraft:interact_with_crafting_table":4,"minecraft:open_barrel":16,"minecraft:time_since_death":19872,"minecraft:sleep_in_bed":1,"minecraft:climb_one_cm":1945,"minecraft:time_since_rest":19896,"minecraft:sprint_one_cm":128329,"minecraft:damage_absorbed":14,"minecraft:damage_taken":2470,"minecraft:walk_one_cm":68546,"minecraft:drop":15,"minecraft:damage_dealt":5198,"minecraft:swim_one_cm":3496,"minecraft:fly_one_cm":220176,"minecraft:open_chest":2,"minecraft:crouch_one_cm":1949,"minecraft:play_time":37064,"minecraft:deaths":2,"minecraft:sneak_time":585,"minecraft:walk_under_water_one_cm":41,"minecraft:jump":1115,"minecraft:walk_on_water_one_cm":435,"minecraft:total_world_time":37064,"minecraft:fall_one_cm":41635},"minecraft:picked_up":{"minecraft:cocoa_beans":8,"minecraft:iron_chestplate":1,"minecraft:crafting_table":1,"minecraft:leather_chestplate":1,"minecraft:feather":3,"minecraft:jungle_log":65,"minecraft:leather":20,"minecraft:wooden_pickaxe":2,"minecraft:enchanted_book":4,"minecraft:oak_log":62,"minecraft:gunpowder":10,"minecraft:music_disc_cat":3,"minecraft:string":2,"minecraft:dirt":11,"minecraft:iron_leggings":1,"minecraft:bone":19,"minecraft:apple":2,"minecraft:bow":1,"minecraft:wheat_seeds":1,"minecraft:iron_ingot":26,"minecraft:beef":38,"minecraft:stone_pickaxe":1,"minecraft:iron_ore":122,"minecraft:jungle_sapling":5,"minecraft:iron_pickaxe":2,"minecraft:light_gray_wool":2,"minecraft:melon_slice":92,"minecraft:iron_sword":2,"minecraft:oak_planks":4,"minecraft:diamond_hoe":1,"minecraft:iron_boots":3,"minecraft:stick":44,"minecraft:acacia_log":4,"minecraft:porkchop":6,"minecraft:spider_eye":1,"minecraft:barrel":1,"minecraft:arrow":15,"minecraft:rotten_flesh":12,"minecraft:stone_axe":2,"minecraft:beetroot_seeds":2,"minecraft:vex_armor_trim_smithing_template":3,"minecraft:iron_helmet":5,"minecraft:golden_apple":1,"minecraft:gray_wool":1,"minecraft:bread":15,"minecraft:oak_sapling":1,"minecraft:black_wool":2,"minecraft:mutton":42,"minecraft:bone_block":256,"minecraft:white_wool":14,"minecraft:cobblestone":1},"minecraft:used":{"minecraft:leather_leggings":1,"minecraft:acacia_log":4,"minecraft:stone_pickaxe":7,"minecraft:oak_planks":2,"minecraft:iron_sword":67,"minecraft:iron_chestplate":1,"minecraft:golden_apple":1,"minecraft:dirt":8,"minecraft:crafting_table":2,"minecraft:white_bed":1,"minecraft:oak_log":3,"minecraft:jungle_sapling":1,"minecraft:wooden_axe":35,"minecraft:bread":6,"minecraft:melon_slice":9,"minecraft:iron_pickaxe":143,"minecraft:iron_helmet":2,"minecraft:iron_boots":2,"minecraft:stone_axe":57,"minecraft:light_gray_wool":1,"minecraft:bow":9,"minecraft:iron_leggings":1},"minecraft:crafted":{"minecraft:oak_planks":8,"minecraft:crafting_table":1,"usefulbackpacks:backpack_small":1,"minecraft:jungle_planks":12,"minecraft:stick":4,"minecraft:wooden_axe":1,"minecraft:white_bed":1}},"DataVersion":3465}