{"stats":{"minecraft:dropped":{"minecraft:cocoa_beans":4,"minecraft:feather":3,"minecraft:light_gray_wool":1,"minecraft:oak_planks":1,"minecraft:leather_chestplate":1,"minecraft:beetroot_seeds":2,"minecraft:oak_sapling":1,"minecraft:leather_leggings":1,"minecraft:jungle_sapling":2,"minecraft:barrel":1},"minecraft:mined":{"minecraft:grass_block":2,"minecraft:melon":7,"minecraft:barrel":1,"treechop:chopped_log":1,"minecraft:grass":7,"minecraft:vine":2,"minecraft:dirt":1,"minecraft:bone_block":39,"minecraft:fern":2},"minecraft:killed":{"minecraft:husk":2,"minecraft:pig":1,"minecraft:sheep":4,"minecraft:cow":2},"minecraft:custom":{"minecraft:mob_kills":9,"minecraft:interact_with_crafting_table":3,"minecraft:open_barrel":16,"minecraft:time_since_death":7776,"minecraft:sleep_in_bed":1,"minecraft:climb_one_cm":982,"minecraft:time_since_rest":5344,"minecraft:sprint_one_cm":49721,"minecraft:damage_taken":1258,"minecraft:walk_one_cm":27007,"minecraft:drop":10,"minecraft:damage_dealt":1506,"minecraft:fly_one_cm":74929,"minecraft:open_chest":2,"minecraft:crouch_one_cm":949,"minecraft:play_time":13064,"minecraft:deaths":1,"minecraft:sneak_time":192,"minecraft:jump":400,"minecraft:total_world_time":13064,"minecraft:fall_one_cm":8154},"minecraft:picked_up":{"minecraft:cocoa_beans":8,"minecraft:crafting_table":1,"minecraft:leather_chestplate":1,"minecraft:feather":3,"minecraft:jungle_log":24,"minecraft:wooden_pickaxe":1,"minecraft:oak_log":24,"minecraft:gunpowder":5,"minecraft:music_disc_cat":2,"minecraft:dirt":6,"minecraft:bone":9,"minecraft:apple":1,"minecraft:beef":8,"minecraft:stone_pickaxe":1,"minecraft:iron_ore":24,"minecraft:jungle_sapling":5,"minecraft:light_gray_wool":2,"minecraft:melon_slice":66,"minecraft:oak_planks":4,"minecraft:iron_boots":1,"minecraft:stick":21,"minecraft:porkchop":3,"minecraft:barrel":1,"minecraft:arrow":4,"minecraft:rotten_flesh":12,"minecraft:stone_axe":1,"minecraft:beetroot_seeds":2,"minecraft:vex_armor_trim_smithing_template":1,"minecraft:gray_wool":1,"minecraft:bread":2,"minecraft:oak_sapling":1,"minecraft:black_wool":2,"minecraft:mutton":20,"minecraft:bone_block":35,"minecraft:white_wool":6,"minecraft:cobblestone":1},"minecraft:used":{"minecraft:leather_leggings":1,"minecraft:stone_pickaxe":7,"minecraft:oak_planks":2,"minecraft:iron_chestplate":1,"minecraft:dirt":3,"minecraft:crafting_table":1,"minecraft:white_bed":1,"minecraft:jungle_sapling":1,"minecraft:wooden_axe":35,"minecraft:melon_slice":9,"minecraft:iron_pickaxe":39,"minecraft:iron_helmet":1,"minecraft:iron_boots":1,"minecraft:stone_axe":13,"minecraft:light_gray_wool":1},"minecraft:crafted":{"minecraft:oak_planks":8,"minecraft:jungle_planks":8,"minecraft:stick":4,"minecraft:wooden_axe":1,"minecraft:white_bed":1}},"DataVersion":3465}