{"stats":{"minecraft:picked_up":{"alexscaves:radgill":1,"minecraft:rotten_flesh":1,"minecraft:andesite":5,"minecraft:wheat_seeds":7,"alexscaves:uranium":36,"minecraft:spruce_stairs":3,"minecraft:gravel":31,"minecraft:spruce_fence":2,"minecraft:flint":4,"minecraft:spruce_slab":1,"alexscaves:uranium_shard":18,"minecraft:cobblestone":82,"minecraft:white_wool":1,"minecraft:dirt":11,"minecraft:mossy_cobblestone":28},"minecraft:used":{"iceandfire:dragonsteel_fire_helmet":1,"cataclysm:ancient_remnant_spawn_egg":1,"iceandfire:dragonsteel_fire_leggings":1,"jeg:revolver":54,"alexscaves:extinction_spear":1,"minecraft:drowned_spawn_egg":1,"iceandfire:dragonsteel_fire_chestplate":1,"minecraft:allay_spawn_egg":1,"iceandfire:dragonsteel_fire_boots":1},"minecraft:custom":{"minecraft:time_since_rest":19414,"minecraft:crouch_one_cm":464,"minecraft:sprint_one_cm":28395,"minecraft:play_time":19414,"minecraft:damage_taken":307,"minecraft:walk_one_cm":41908,"minecraft:sneak_time":289,"minecraft:mob_kills":2,"minecraft:jump":372,"minecraft:damage_dealt":212,"minecraft:leave_game":1,"minecraft:time_since_death":19414,"minecraft:total_world_time":19414,"minecraft:fall_one_cm":5932,"minecraft:fly_one_cm":75716},"minecraft:killed":{"alexscaves:gammaroach":2}},"DataVersion":3465}