{"stats":{"minecraft:picked_up":{"alexscaves:radgill":1,"minecraft:andesite":5,"minecraft:spruce_stairs":3,"minecraft:spruce_fence":2,"alexscaves:uranium":36,"minecraft:gravel":31,"minecraft:flint":4,"cataclysm:remnant_skull":1,"minecraft:dirt":11,"minecraft:mossy_cobblestone":28,"minecraft:rotten_flesh":1,"minecraft:wheat_seeds":7,"cataclysm:sandstorm_in_a_bottle":1,"minecraft:spruce_slab":1,"minecraft:enchanted_golden_apple":1,"alexscaves:uranium_shard":18,"minecraft:white_wool":1,"minecraft:cobblestone":82},"minecraft:mined":{"minecraft:fire":3,"minecraft:grass":2},"minecraft:used":{"jeg:combat_rifle":30,"alexscaves:extinction_spear":39,"iceandfire:dragonsteel_fire_boots":5,"iceandfire:dragonsteel_fire_helmet":1,"cataclysm:ancient_remnant_spawn_egg":1,"iceandfire:dragonsteel_fire_leggings":1,"jeg:revolver":62,"minecraft:drowned_spawn_egg":1,"iceandfire:dragonsteel_fire_chestplate":1,"minecraft:allay_spawn_egg":1,"minecraft:enchanted_golden_apple":10,"minecraft:milk_bucket":1},"minecraft:custom":{"minecraft:time_since_rest":31414,"minecraft:sprint_one_cm":49320,"minecraft:walk_one_cm":90063,"minecraft:damage_taken":431,"minecraft:damage_absorbed":753,"minecraft:mob_kills":3,"minecraft:drop":17,"minecraft:damage_dealt":2255,"minecraft:fly_one_cm":248009,"minecraft:crouch_one_cm":481,"minecraft:play_time":31414,"minecraft:sneak_time":502,"minecraft:jump":696,"minecraft:leave_game":1,"minecraft:walk_on_water_one_cm":744,"minecraft:time_since_death":31414,"minecraft:damage_resisted":264,"minecraft:total_world_time":31414,"minecraft:fall_one_cm":11605},"minecraft:killed":{"alexscaves:gammaroach":2,"cataclysm:modern_remnant":1},"minecraft:dropped":{"minecraft:enchanted_golden_apple":17}},"DataVersion":3465}