{"stats":{"minecraft:picked_up":{"minecraft:stick":4,"minecraft:acacia_log":5,"minecraft:acacia_boat":1,"minecraft:acacia_sapling":3},"minecraft:used":{"minecraft:acacia_boat":1,"minecraft:crafting_table":1},"minecraft:mined":{"treechop:chopped_log":1,"minecraft:mangrove_propagule":1,"minecraft:mangrove_leaves":7},"minecraft:crafted":{"minecraft:acacia_planks":20,"minecraft:crafting_table":1,"minecraft:acacia_boat":1},"minecraft:custom":{"minecraft:time_since_rest":4726,"minecraft:play_time":4726,"minecraft:sprint_one_cm":23540,"minecraft:damage_taken":60,"minecraft:walk_one_cm":3631,"minecraft:boat_one_cm":27135,"minecraft:jump":155,"minecraft:time_since_death":4726,"minecraft:walk_on_water_one_cm":1404,"minecraft:total_world_time":4726,"minecraft:climb_one_cm":1986,"minecraft:interact_with_crafting_table":1,"minecraft:fall_one_cm":4058,"minecraft:fly_one_cm":37104}},"DataVersion":3465}