{"stats":{"minecraft:picked_up":{"minecraft:stick":4,"minecraft:lilac":1,"minecraft:acacia_log":5,"minecraft:acacia_boat":1,"minecraft:acacia_sapling":3},"minecraft:used":{"minecraft:acacia_boat":1,"minecraft:crafting_table":1},"minecraft:mined":{"minecraft:grass":14,"biomesoplenty:spanish_moss":3,"minecraft:tall_grass":1,"minecraft:lilac":1,"treechop:chopped_log":1,"minecraft:mangrove_propagule":1,"minecraft:mangrove_leaves":7},"minecraft:crafted":{"minecraft:acacia_planks":20,"minecraft:crafting_table":1,"minecraft:acacia_boat":1},"minecraft:custom":{"minecraft:time_since_rest":16726,"minecraft:play_time":16726,"minecraft:sprint_one_cm":72798,"minecraft:damage_taken":90,"minecraft:walk_one_cm":16429,"minecraft:walk_under_water_one_cm":216,"minecraft:boat_one_cm":27135,"minecraft:jump":608,"minecraft:damage_dealt":10,"minecraft:time_since_death":16726,"minecraft:walk_on_water_one_cm":1751,"minecraft:total_world_time":16726,"minecraft:climb_one_cm":1986,"minecraft:swim_one_cm":11237,"minecraft:interact_with_crafting_table":1,"minecraft:fall_one_cm":24243,"minecraft:fly_one_cm":176676}},"DataVersion":3465}