{"stats":{"minecraft:picked_up":{"minecraft:stick":4,"minecraft:lilac":1,"minecraft:rotten_flesh":5,"minecraft:diamond":1,"minecraft:acacia_log":5,"minecraft:snowball":16,"minecraft:acacia_boat":1,"minecraft:acacia_sapling":3,"minecraft:leather_helmet":1},"minecraft:used":{"minecraft:acacia_boat":1,"minecraft:crafting_table":1,"justhammers:netherite_hammer":3,"minecraft:snowball":4,"mutantmonsters:mutant_snow_golem_spawn_egg":1},"minecraft:mined":{"minecraft:grass":14,"biomesoplenty:spanish_moss":3,"minecraft:tall_grass":1,"minecraft:lilac":1,"treechop:chopped_log":1,"minecraft:mangrove_propagule":1,"minecraft:mangrove_leaves":7},"minecraft:crafted":{"minecraft:acacia_planks":20,"minecraft:crafting_table":1,"minecraft:acacia_boat":1},"minecraft:killed":{"mowziesmobs:grottol":1,"minecraft:cow":1},"minecraft:custom":{"minecraft:open_chest":3,"minecraft:time_since_rest":28726,"minecraft:crouch_one_cm":158,"minecraft:play_time":28726,"minecraft:sprint_one_cm":92403,"minecraft:damage_taken":90,"minecraft:walk_one_cm":66113,"minecraft:sneak_time":983,"minecraft:walk_under_water_one_cm":9388,"minecraft:mob_kills":3,"minecraft:boat_one_cm":27135,"minecraft:jump":879,"minecraft:damage_dealt":358,"minecraft:time_since_death":28726,"minecraft:walk_on_water_one_cm":5731,"minecraft:total_world_time":28726,"minecraft:climb_one_cm":1986,"minecraft:swim_one_cm":11237,"minecraft:interact_with_crafting_table":1,"minecraft:fall_one_cm":25346,"minecraft:fly_one_cm":404909}},"DataVersion":3465}