{"stats":{"minecraft:picked_up":{"minecraft:raw_iron":1,"alexscaves:beholder":1,"minecraft:andesite":12,"alexscaves:fissile_core":1,"minecraft:gravel":40,"minecraft:flint":5,"minecraft:gunpowder":1,"minecraft:dirt":2,"minecraft:mossy_cobblestone":21,"alexscaves:spawn_egg_tremorzilla":64,"minecraft:bone":2,"minecraft:arrow":2,"minecraft:wheat_seeds":1,"minecraft:mutton":1,"minecraft:coal":2,"minecraft:cobblestone":128},"minecraft:used":{"minecraft:netherite_sword":4,"alexscaves:spawn_egg_gammaroach":3,"alexscaves:spawn_egg_tremorzilla":1,"alexscaves:sea_staff":39,"alexscaves:extinction_spear":1,"mutantmonsters:creeper_shard":2,"mutantmonsters:endersoul_hand":2,"majruszsdifficulty:creeperling_spawn_egg":1,"jeg:pump_shotgun":9,"alexscaves:spawn_egg_radgill":1,"jeg:double_barrel_shotgun":40,"alexscaves:spawn_egg_nucleeper":2,"jeg:grenade":1},"minecraft:custom":{"minecraft:time_since_rest":17805,"minecraft:sprint_one_cm":8111,"minecraft:walk_one_cm":22998,"minecraft:damage_taken":250,"minecraft:mob_kills":11,"minecraft:drop":2,"minecraft:damage_dealt":918,"minecraft:fly_one_cm":66237,"minecraft:crouch_one_cm":2249,"minecraft:play_time":17805,"minecraft:sneak_time":1062,"minecraft:jump":276,"minecraft:time_since_death":17805,"minecraft:total_world_time":17805,"minecraft:fall_one_cm":842},"minecraft:killed":{"minecraft:sheep":1,"minecraft:skeleton":4,"alexscaves:gammaroach":1,"alexscaves:tremorzilla":1,"majruszsdifficulty:creeperling":1,"minecraft:drowned":1,"alexscaves:nucleeper":2},"minecraft:dropped":{"alexscaves:beholder":1,"alexscaves:spawn_egg_tremorzilla":64}},"DataVersion":3465}