{"stats":{"minecraft:picked_up":{"minecraft:raw_iron":1,"alexscaves:beholder":1,"minecraft:andesite":12,"minecraft:leather":1,"alexscaves:fissile_core":1,"minecraft:gravel":40,"minecraft:flint":5,"cataclysm:remnant_skull":2,"minecraft:gunpowder":1,"cataclysm:ancient_metal_block":2,"minecraft:dirt":2,"minecraft:mossy_cobblestone":21,"alexscaves:spawn_egg_tremorzilla":64,"minecraft:bone":2,"minecraft:arrow":2,"minecraft:wheat_seeds":2,"minecraft:beef":2,"minecraft:poppy":2,"minecraft:enchanted_golden_apple":11,"minecraft:mutton":1,"minecraft:coal":2,"minecraft:white_wool":1,"minecraft:cobblestone":128},"minecraft:mined":{"minecraft:fire":2,"minecraft:grass":4,"minecraft:grass_block":1,"minecraft:tall_grass":1,"minecraft:fern":9},"minecraft:used":{"cataclysm:ancient_metal_block":1,"justhammers:netherite_destructor_hammer":17,"minecraft:netherite_sword":4,"alexscaves:spawn_egg_gammaroach":3,"alexscaves:spawn_egg_tremorzilla":1,"alexscaves:sea_staff":39,"alexscaves:extinction_spear":1,"mutantmonsters:creeper_shard":2,"mutantmonsters:endersoul_hand":2,"majruszsdifficulty:creeperling_spawn_egg":1,"jeg:pump_shotgun":9,"alexscaves:spawn_egg_radgill":1,"jeg:double_barrel_shotgun":40,"minecraft:potion":1,"alexscaves:spawn_egg_nucleeper":2,"minecraft:enchanted_golden_apple":10,"jeg:grenade":1,"cataclysm:remnant_skull":2},"minecraft:custom":{"minecraft:time_since_rest":29805,"minecraft:damage_absorbed":630,"minecraft:sprint_one_cm":28350,"minecraft:walk_one_cm":52190,"minecraft:damage_taken":6114,"minecraft:mob_kills":15,"minecraft:drop":2,"minecraft:damage_dealt":1422,"minecraft:swim_one_cm":461,"minecraft:fly_one_cm":231893,"minecraft:crouch_one_cm":2911,"minecraft:play_time":29805,"minecraft:sneak_time":1545,"minecraft:walk_under_water_one_cm":269,"minecraft:jump":628,"minecraft:walk_on_water_one_cm":466,"minecraft:time_since_death":29805,"minecraft:damage_resisted":1592,"minecraft:total_world_time":29805,"minecraft:fall_one_cm":4794},"minecraft:killed":{"minecraft:sheep":2,"minecraft:skeleton":4,"cataclysm:ancient_remnant":1,"alexscaves:gammaroach":1,"alexscaves:tremorzilla":1,"majruszsdifficulty:creeperling":1,"minecraft:drowned":1,"minecraft:cow":1,"cataclysm:modern_remnant":1,"alexscaves:nucleeper":2},"minecraft:dropped":{"alexscaves:beholder":1,"alexscaves:spawn_egg_tremorzilla":64}},"DataVersion":3465}