{"stats":{"minecraft:dropped":{"minecraft:wheat_seeds":1,"minecraft:mutton":7,"minecraft:wooden_axe":1},"minecraft:mined":{"treechop:chopped_log":2,"minecraft:crafting_table":1,"minecraft:grass":1,"minecraft:grass_block":1,"minecraft:oak_log":2,"minecraft:melon":11,"minecraft:dirt":5,"minecraft:stone":9,"minecraft:fern":5},"minecraft:killed":{"minecraft:skeleton":2,"minecraft:sheep":4,"minecraft:zombie":3,"minecraft:chicken":2},"minecraft:custom":{"minecraft:time_since_rest":0,"minecraft:sprint_one_cm":33186,"minecraft:damage_taken":690,"minecraft:walk_one_cm":18489,"minecraft:mob_kills":11,"minecraft:drop":3,"minecraft:damage_dealt":1547,"minecraft:interact_with_crafting_table":3,"minecraft:fly_one_cm":64024,"minecraft:crouch_one_cm":1855,"minecraft:play_time":8042,"minecraft:deaths":2,"minecraft:sneak_time":412,"minecraft:jump":292,"minecraft:leave_game":1,"minecraft:time_since_death":0,"minecraft:total_world_time":8042,"minecraft:climb_one_cm":218,"minecraft:fall_one_cm":4912},"minecraft:picked_up":{"minecraft:wooden_axe":1,"minecraft:cocoa_beans":4,"minecraft:stick":20,"minecraft:crafting_table":2,"minecraft:feather":6,"minecraft:chicken":2,"minecraft:wooden_pickaxe":1,"minecraft:oak_log":56,"minecraft:dirt":9,"minecraft:arrow":2,"minecraft:rotten_flesh":5,"minecraft:apple":5,"minecraft:stone_axe":1,"minecraft:wheat_seeds":1,"minecraft:beef":4,"minecraft:gray_wool":2,"minecraft:light_gray_wool":2,"minecraft:oak_sapling":22,"minecraft:melon_slice":122,"minecraft:black_wool":1,"minecraft:mutton":19,"minecraft:white_wool":5,"minecraft:cobblestone":7},"minecraft:used":{"minecraft:apple":3,"minecraft:stone_pickaxe":10,"minecraft:wooden_pickaxe":6,"minecraft:stone_axe":48,"minecraft:dirt":3,"minecraft:crafting_table":1,"minecraft:oak_sapling":10},"minecraft:crafted":{"minecraft:oak_planks":48,"minecraft:crafting_table":1,"minecraft:stick":8,"minecraft:wooden_pickaxe":1,"minecraft:stone_pickaxe":1,"minecraft:stone_axe":1}},"DataVersion":3465}